DATE|SALES
2015-01-01|1103.8679999999995
2015-01-02|13170735.299999997
2015-01-03|16166557.826000005
2015-01-04|126725.73599999998
2015-01-05|17914975.340000004
2015-01-07|13848645.295999996
2015-01-08|12357414.482
2015-01-09|14427741.756000005
2015-01-10|18306616.481999993
2015-01-11|72232.92599999998
2015-01-12|12383616.143999994
2015-01-13|10752825.25
2015-01-14|9937230.835999995
2015-01-15|10156075.088
2015-01-16|14210373.72999999
2015-01-17|17607052.231999993
2015-01-18|43712.87599999999
2015-01-19|11356332.139999993
2015-01-20|9776045.43
2015-01-21|9813617.445999995
2015-01-22|9711859.504
2015-01-23|13857337.219999999
2015-01-24|17276020.06799999
2015-01-25|45125.41199999998
2015-01-26|12052648.696000002
2015-01-27|10553987.280000001
2015-01-28|10002773.452
2015-01-29|10571551.154
2015-01-30|15231081.126000002
2015-01-31|19567087.78199999
2015-02-01|52852.07000000001
2015-02-02|12268018.545999996
2015-02-03|11602553.362000003
2015-02-04|10382508.132
2015-02-05|10907218.163999997
2015-02-06|14696815.974
2015-02-07|18581619.260000005
2015-02-08|44075.111999999994
2015-02-09|11447103.961999997
2015-02-10|11066996.265999995
2015-02-11|10118967.595999993
2015-02-12|10510304.709999993
2015-02-13|14212741.321999997
2015-02-14|17402144.137999997
2015-02-15|42754.34399999998
2015-02-16|11798150.441999994
2015-02-17|9640459.107999995
2015-02-18|9961692.216000006
2015-02-19|10242246.785999998
2015-02-20|13937897.391999997
2015-02-21|17486169.739999995
2015-02-22|41833.04799999998
2015-02-23|11149477.530000001
2015-02-24|9971618.148000002
2015-02-25|10614395.935999997
2015-02-26|11492447.555999994
2015-02-27|17269203.467999995
2015-02-28|15311212.615999997
2015-03-01|52943.33599999998
2015-03-02|13879414.78199999
2015-03-03|11980890.18
2015-03-04|11045535.703999996
2015-03-05|11226123.30799999
2015-03-06|15099641.377999991
2015-03-07|18421748.90599999
2015-03-08|42065.94399999999
2015-03-09|11806646.068000004
2015-03-10|11215617.318000004
2015-03-11|10234324.591999993
2015-03-12|10608992.301999994
2015-03-13|14495059.233999997
2015-03-14|17983051.01799999
2015-03-15|44143.40599999999
2015-03-16|11771322.754
2015-03-17|10641936.785999991
2015-03-18|12017541.202
2015-03-19|7248407.005999997
2015-03-20|14447558.34799999
2015-03-21|17806723.525999993
2015-03-22|42660.16399999999
2015-03-23|11134109.29
2015-03-24|10255483.913999997
2015-03-25|10859547.379999995
2015-03-26|11275369.64
2015-03-27|14601294.973999992
2015-03-28|19065043.92199999
2015-03-29|43576.16399999999
2015-03-30|13499371.387999997
2015-03-31|13904509.375999995
2015-04-01|19133786.931999996
2015-04-02|10398954.956
2015-04-03|386540.84999999986
2015-04-04|20405467.173999995
2015-04-05|58417.96999999997
2015-04-06|9296175.582000002
2015-04-07|14182335.047999993
2015-04-08|11759177.475999996
2015-04-09|11363331.901999995
2015-04-10|15301382.307999998
2015-04-11|19033290.291999996
2015-04-12|42351.038
2015-04-13|10716547.078000002
2015-04-14|10949259.057999998
2015-04-15|10246169.241999999
2015-04-16|10469314.579999998
2015-04-17|13946025.14
2015-04-18|17588923.5
2015-04-19|42745.25
2015-04-20|11673925.627999991
2015-04-21|10514886.765999995
2015-04-22|10200970.263999999
2015-04-23|9245246.276
2015-04-24|14451483.141999997
2015-04-25|17910298.635999992
2015-04-26|42760.51199999999
2015-04-27|12911334.871999994
2015-04-28|11489990.415999994
2015-04-29|12231724.78199999
2015-04-30|19705634.297999993
2015-05-01|19381.857999999993
2015-05-02|21818792.503999993
2015-05-03|37906.79800000001
2015-05-04|14072178.695999995
2015-05-05|12620425.167999998
2015-05-06|11312579.907999992
2015-05-07|11577705.845999993
2015-05-08|14938887.893999994
2015-05-09|18291222.011999995
2015-05-10|43617.301999999996
2015-05-11|12902369.791999996
2015-05-12|11567280.559999995
2015-05-13|10608441.825999998
2015-05-14|11670347.795999996
2015-05-15|13801703.505999997
2015-05-16|17734365.89999999
2015-05-17|38008.734
2015-05-18|12389336.566
2015-05-19|11085118.496
2015-05-20|10381357.189999998
2015-05-21|10783521.802000001
2015-05-22|14213256.705999993
2015-05-23|17633547.459999993
2015-05-24|39718.57999999999
2015-05-25|12620657.763999999
2015-05-26|11628440.898000002
2015-05-27|10877380.177999996
2015-05-28|11545472.149999999
2015-05-29|15802249.221999988
2015-05-30|19133530.711999997
2015-05-31|47247.77599999998
2015-06-01|13713692.005999997
2015-06-02|12918542.857999995
2015-06-03|12588383.519999996
2015-06-04|9863976.18
2015-06-05|16061461.332000002
2015-06-06|18985506.994000003
2015-06-07|40680.984
2015-06-08|13261912.319999993
2015-06-09|11147701.245999992
2015-06-10|11669543.89
2015-06-11|11486721.115999997
2015-06-12|14418612.590000004
2015-06-13|18137960.208000004
2015-06-14|41699.409999999974
2015-06-15|12563409.473999992
2015-06-16|11222964.071999997
2015-06-17|10506146.825999998
2015-06-18|11029507.835999995
2015-06-19|14039355.235999994
2015-06-20|18215869.28199999
2015-06-21|46710.667999999976
2015-06-22|13504302.037999995
2015-06-23|12759777.093999997
2015-06-24|8211094.139999997
2015-06-25|12758183.746
2015-06-26|15692333.049999997
2015-06-27|18980075.585999995
2015-06-28|49644.33599999998
2015-06-29|13577089.636
2015-06-30|13354829.663999997
2015-07-01|13202583.46
2015-07-02|13238055.787999995
2015-07-03|15838902.206
2015-07-04|19291989.909999996
2015-07-05|106892.38199999998
2015-07-06|14037961.579999998
2015-07-07|12426284.371999994
2015-07-08|11714562.611999996
2015-07-09|11868347.443999998
2015-07-10|15338098.773999996
2015-07-11|18233237.30399999
2015-07-12|66472.288
2015-07-13|13796196.021999992
2015-07-14|12040259.669999994
2015-07-15|11695379.005999997
2015-07-16|11738749.769999996
2015-07-17|15041281.465999998
2015-07-18|17825113.812000006
2015-07-19|219269.3459999999
2015-07-20|13742622.038000003
2015-07-21|12037656.389999993
2015-07-22|11191652.839999996
2015-07-23|11548466.316
2015-07-24|14757784.739999995
2015-07-25|17118782.94399999
2015-07-26|248580.72399999993
2015-07-27|14233672.461999997
2015-07-28|12266350.298
2015-07-29|11634419.746
2015-07-30|12410137.57
2015-07-31|15844985.173999995
2015-08-01|20311225.323999986
2015-08-02|364617.4639999999
2015-08-03|15964122.343999997
2015-08-04|13392024.619999997
2015-08-05|12108043.564000003
2015-08-06|12392381.595999993
2015-08-07|14718896.455999993
2015-08-08|17579928.082000002
2015-08-09|353815.8559999999
2015-08-10|15017752.5
2015-08-11|12734987.333999999
2015-08-12|11871363.785999998
2015-08-13|12706732.005999997
2015-08-14|17400568.988000005
2015-08-15|7291660.456
2015-08-16|465844.8459999999
2015-08-17|17231527.266000003
2015-08-18|12994483.386
2015-08-19|11162055.093999997
2015-08-20|11530368.546000004
2015-08-21|13834428.722000003
2015-08-22|16180776.648000002
2015-08-23|204939.71600000001
2015-08-24|13986756.632
2015-08-25|12494610.531999998
2015-08-26|11541508.431999996
2015-08-27|11773004.037999995
2015-08-28|14415988.996
2015-08-29|17176314.28
2015-08-30|77076.082
2015-08-31|15612838.155999996
2015-09-01|13779082.441999994
2015-09-02|12388314.979999997
2015-09-03|12342335.21599999
2015-09-04|14661870.71
2015-09-05|18318736.264
2015-09-06|61480.34
2015-09-07|13940863.952
2015-09-08|9749868.465999998
2015-09-09|11811023.044
2015-09-10|13210949.292000003
2015-09-11|12280176.673999995
2015-09-12|18526405.514
2015-09-13|47438.23999999999
2015-09-14|13400013.829999998
2015-09-15|11303000.599999994
2015-09-16|10972576.383999996
2015-09-17|11190943.294
2015-09-18|14115249.574000001
2015-09-19|17685709.08399999
2015-09-20|40852.351999999984
2015-09-21|12311395.869999997
2015-09-22|11038224.600000001
2015-09-23|10460773.795999996
2015-09-24|10337208.32
2015-09-25|14913498.132
2015-09-26|18254222.783999994
2015-09-27|41258.76799999998
2015-09-28|12928679.513999999
2015-09-29|11632947.221999995
2015-09-30|11717661.670000002
2015-10-01|12521536.459999993
2015-10-02|15734489.21599999
2015-10-03|19928679.090000004
2015-10-04|49215.28999999998
2015-10-05|12956160.301999994
2015-10-06|11760412.219999999
2015-10-07|10843091.351999998
2015-10-08|12796291.943999998
2015-10-09|12894097.135999992
2015-10-10|21348854.906000003
2015-10-11|47757.95999999999
2015-10-12|1133322.062
2015-10-13|14613321.693999998
2015-10-14|11720750.409999996
2015-10-15|11028349.652000003
2015-10-16|14404257.567999989
2015-10-17|18520895.415999994
2015-10-18|43049.22
2015-10-19|11845722.302000001
2015-10-20|10637292.541999988
2015-10-21|10055770.395999998
2015-10-22|10450114.759999998
2015-10-23|14269878.535999998
2015-10-24|17946004.58399999
2015-10-25|45539.735999999975
2015-10-26|13022551.576000005
2015-10-27|11239061.423999995
2015-10-28|10709577.931999996
2015-10-29|11453867.714000002
2015-10-30|15996612.667999998
2015-10-31|20630501.261999995
2015-11-01|114334.15599999996
2015-11-02|8028522.329999998
2015-11-03|13676291.467999995
2015-11-04|11609521.511999995
2015-11-05|11442959.71
2015-11-06|14877959.363999993
2015-11-07|19034964.643999994
2015-11-08|45407.32799999998
2015-11-09|11572807.097999997
2015-11-10|11555112.725999996
2015-11-11|10483683.481999993
2015-11-12|10747536.871999994
2015-11-13|14430738.994000003
2015-11-14|18221134.25999999
2015-11-15|42569.46999999997
2015-11-16|11770128.991999999
2015-11-17|10537695.202
2015-11-18|9913310.509999998
2015-11-19|10353519.556000002
2015-11-20|14219067.057999998
2015-11-21|18113778.978
2015-11-22|43597.08799999999
2015-11-23|11520836.61
2015-11-24|10267798.824000001
2015-11-25|11122075.789999992
2015-11-26|11805223.495999992
2015-11-27|15230717.945999995
2015-11-28|20265861.89999999
2015-11-29|77345.69199999998
2015-11-30|13607772.254
2015-12-01|13020005.475999996
2015-12-02|12158195.393999994
2015-12-03|12472874.585999995
2015-12-04|16960839.104000002
2015-12-05|21587820.264
2015-12-06|679299.4239999996
2015-12-07|11388356.191999994
2015-12-08|185276.98399999994
2015-12-09|15160615.147999994
2015-12-10|13292710.762000002
2015-12-11|15603608.057999998
2015-12-12|19606378.24000001
2015-12-13|103412.93400000001
2015-12-14|12843275.891999997
2015-12-15|11806955.651999995
2015-12-16|11620386.78199999
2015-12-17|12093289.933999993
2015-12-18|15274899.111999996
2015-12-19|20507055.897999987
2015-12-20|189171.08199999994
2015-12-21|16142249.478
2015-12-22|17588470.299999997
2015-12-23|23548247.00999999
2015-12-24|19770909.71800001
2015-12-26|12669795.197999999
2015-12-27|384555.372
2015-12-28|15519391.637999997
2015-12-29|16070069.925999999
2015-12-30|21692823.10599999
2015-12-31|19144366.351999998
2016-01-01|2870.8059999999987
2016-01-02|16286039.251999997
2016-01-03|112850.78799999994
2016-01-04|16077973.139999993
2016-01-05|16749306.363999993
2016-01-07|13899585.041999996
2016-01-08|15163108.997999996
2016-01-09|19142469.603999987
2016-01-10|60441.652
2016-01-11|13701751.134000003
2016-01-12|11561148.044
2016-01-13|10498718.107999995
2016-01-14|10625696.144000001
2016-01-15|14259384.887999997
2016-01-16|18413654.67400001
2016-01-17|28840.979999999996
2016-01-18|12091240.05799999
2016-01-19|10702581.272
2016-01-20|9659631.762000002
2016-01-21|10649307.531999998
2016-01-22|13559487.919999994
2016-01-23|17860572.44399999
2016-01-24|27902.758
2016-01-25|12404515.234000005
2016-01-26|11139148.806000002
2016-01-27|10356280.149999999
2016-01-28|10930603.855999991
2016-01-29|15010585.203999996
2016-01-30|19550678.558
2016-01-31|32794.992
2016-02-01|13263817.299999997
2016-02-02|11401720.413999997
2016-02-03|11069691.588
2016-02-04|11309835.177999996
2016-02-05|14666596.475999989
2016-02-06|18830753.753999993
2016-02-07|29361.441999999995
2016-02-08|12498795.751999997
2016-02-09|10316552.555999994
2016-02-10|11226740.224
2016-02-11|11417267.904
2016-02-12|14401301.104000002
2016-02-13|18728486.77399999
2016-02-14|24168.271999999997
2016-02-15|11917057.023999996
2016-02-16|10798577.27799999
2016-02-17|10115653.055999994
2016-02-18|10608307.179999992
2016-02-19|14332899.23799999
2016-02-20|17879894.450000003
2016-02-21|27085.047999999995
2016-02-22|11762770.137999997
2016-02-23|10431522.46599999
2016-02-24|9939537.751999997
2016-02-25|11839939.096
2016-02-26|16213656.747999996
2016-02-27|20198508.52399999
2016-02-28|33672.66199999998
2016-02-29|10781510.715999998
2016-03-01|12635855.241999999
2016-03-02|11799283.401999995
2016-03-03|11915170.127999991
2016-03-04|15585011.023999996
2016-03-05|19493406.582000002
2016-03-06|29904.98199999999
2016-03-07|12646080.618
2016-03-08|11136408.127999999
2016-03-09|10390619.50599999
2016-03-10|11463880.011999995
2016-03-11|14811080.645999998
2016-03-12|18443495.041999996
2016-03-13|28485.182
2016-03-14|12038664.255999997
2016-03-15|10933705.512000002
2016-03-16|10496556.188000001
2016-03-17|11499030.702
2016-03-18|15914817.457999997
2016-03-19|15674825.665999994
2016-03-20|34068.195999999996
2016-03-21|13872555.30399999
2016-03-22|13336194.246
2016-03-23|17610022.544
2016-03-24|9623250.081999995
2016-03-25|376836.034
2016-03-26|19876643.49799998
2016-03-27|47524.848
2016-03-28|9415283.440000005
2016-03-29|13796756.338
2016-03-30|12088401.247999996
2016-03-31|12555615.333999999
2016-04-01|16271302.132
2016-04-02|20588093.286
2016-04-03|32628.261999999988
2016-04-04|12072665.373999998
2016-04-05|12482093.091999993
2016-04-06|11148020.313999996
2016-04-07|11039100.144000001
2016-04-08|14898246.097999997
2016-04-09|18765401.503999993
2016-04-10|29685.761999999988
2016-04-11|12990349.682000004
2016-04-12|11234694.589999996
2016-04-13|10282380.979999997
2016-04-14|10716763.887999997
2016-04-15|14426764.794
2016-04-16|18518931.777999997
2016-04-17|27017.319999999992
2016-04-18|12227466.272
2016-04-19|10952947.017999992
2016-04-20|10396535.759999998
2016-04-21|10814889.049999997
2016-04-22|14927212.721999995
2016-04-23|16158082.115999997
2016-04-24|30522.725999999995
2016-04-25|13289651.280000001
2016-04-26|11781972.575999998
2016-04-27|11188061.191999994
2016-04-28|12039314.022
2016-04-29|16714585.075999998
2016-04-30|20992196.599999994
2016-05-01|1050.5059999999994
2016-05-02|6722805.445999995
2016-05-03|14318504.711999997
2016-05-04|12411788.86599999
2016-05-05|12339548.143999994
2016-05-06|15633705.645999998
2016-05-07|19326664.604000002
2016-05-08|34044.18399999998
2016-05-09|12724648.508000001
2016-05-10|11837155.022
2016-05-11|10914148.589999996
2016-05-12|11576396.487999998
2016-05-13|14801647.75999999
2016-05-14|18104738.242
2016-05-15|56998.32999999999
2016-05-16|9802881.241999999
2016-05-17|11795704.86
2016-05-18|10953523.490000002
2016-05-19|11134542.719999999
2016-05-20|14463780.481999993
2016-05-21|18006689.442
2016-05-22|32675.487999999998
2016-05-23|12591045.411999993
2016-05-24|11084450.428000003
2016-05-25|11984291.621999994
2016-05-26|11295266.341999993
2016-05-27|15763677.209999993
2016-05-28|19773131.84799999
2016-05-29|28973.818
2016-05-30|12844930.041999996
2016-05-31|12354778.421999998
2016-06-01|12808051.703999996
2016-06-02|12886375.12399999
2016-06-03|15942893.125999995
2016-06-04|19874292.57200001
2016-06-05|31422.076
2016-06-06|13880433.012000002
2016-06-07|12144475.732
2016-06-08|11573757.669999994
2016-06-09|11269605.375999995
2016-06-10|15843908.707999997
2016-06-11|18952206.813999996
2016-06-12|28593.186
2016-06-13|13270153.947999999
2016-06-14|11876538.324000001
2016-06-15|11340892.589999996
2016-06-16|11718070.005999997
2016-06-17|14663522.229999997
2016-06-18|18613375.851999998
2016-06-19|38151.242
2016-06-20|13081111.459999993
2016-06-21|11858387.824000001
2016-06-22|11918296.693999998
2016-06-23|14099203.463999994
2016-06-24|11191115.533999994
2016-06-25|20040755.522
2016-06-26|41653.76799999998
2016-06-27|14454662.316
2016-06-28|13316973.228
2016-06-29|11963569.953999989
2016-06-30|13283176.315999992
2016-07-01|17051366.31799999
2016-07-02|20804473.662
2016-07-03|123690.76599999995
2016-07-04|15129339.491999999
2016-07-05|13305712.851999998
2016-07-06|12274332.707999997
2016-07-07|12623566.357999995
2016-07-08|15408039.574000001
2016-07-09|18955758.832000002
2016-07-10|105972.582
2016-07-11|14942779.965999998
2016-07-12|12741466.048
2016-07-13|11796158.897999994
2016-07-14|12146201.80799999
2016-07-15|15273170.651999995
2016-07-16|18350488.948
2016-07-17|330216.956
2016-07-18|14801649.200000003
2016-07-19|12494683.919999987
2016-07-20|11807964.031999998
2016-07-21|12203592.990000002
2016-07-22|15128556.957999997
2016-07-23|18546271.937999994
2016-07-24|399465.7919999999
2016-07-25|12281235.127999999
2016-07-26|13429192.868
2016-07-27|12261091.627999991
2016-07-28|12422927.163999997
2016-07-29|15811197.967999995
2016-07-30|19753686.054000005
2016-07-31|524189.90199999977
2016-08-01|17488502.450000003
2016-08-02|14286812.701999992
2016-08-03|12923393.934
2016-08-04|13273234.052000001
2016-08-05|15265176.435999997
2016-08-06|18055368.158000007
2016-08-07|520380.456
2016-08-08|15469507.008000001
2016-08-09|13166999.552000001
2016-08-10|12791137.483999997
2016-08-11|12785028.829999998
2016-08-12|15329325.773999996
2016-08-13|19310647.33399999
2016-08-14|617629.9040000001
2016-08-31|12894963.844000004
2016-09-01|13510182.780000001
2016-09-02|15580212.351999998
2016-09-03|19322640.404
2016-09-04|65004.621999999974
2016-09-05|14728545.404
2016-09-06|13101264.29
2016-09-07|12768055.493999995
2016-09-08|10198995.317999989
2016-09-09|15269080.990000002
2016-09-10|19004408.964
2016-09-12|14570947.177999996
2016-09-13|12441120.509999998
2016-09-14|11547379.457999997
2016-09-15|11457438.503999993
2016-09-16|14473658.04
2016-09-17|18542852.060000002
2016-09-18|30284.33799999999
2016-09-19|13281526.137999997
2016-09-20|11586019.452
2016-09-21|10661109.729999997
2016-09-22|11223965.258000001
2016-09-23|14442146.155999996
2016-09-24|17669795.266000003
2016-09-25|30887.318
2016-09-26|14157665.227999993
2016-09-27|12039411.141999997
2016-09-28|11406666.702
2016-09-29|11654754.09399999
2016-09-30|15974669.547999993
2016-10-01|20779393.52399999
2016-10-02|39873.64799999999
2016-10-03|14384404.865999997
2016-10-04|12705295.623999998
2016-10-05|11735220.605999991
2016-10-06|12021769.995999992
2016-10-07|14900766.380000003
2016-10-08|19809483.239999995
2016-10-09|35066.79000000001
2016-10-10|14044432.983999997
2016-10-11|16507753.846
2016-10-12|25701.428
2016-10-13|13918503.061999992
2016-10-14|15903312.557999998
2016-10-15|18816131.03
2016-10-16|26547.90999999999
2016-10-17|12909768.691999994
2016-10-18|11373498.187999994
2016-10-19|10517542.011999995
2016-10-20|11012851.43
2016-10-21|14827634.149999991
2016-10-22|18942589.972000003
2016-10-23|27649.585999999996
2016-10-24|12228480.317999996
2016-10-25|11964654.724
2016-10-26|11081574.982
2016-10-27|11640644.413999997
2016-10-28|15956801.415999994
2016-10-29|20371247.30399999
2016-10-30|33006.628
2016-10-31|18050291.56799999
2016-11-01|50250.149999999994
2016-11-02|15534388.187999994
2016-11-03|13346012.18
2016-11-04|16336862.675999999
2016-11-05|20751767.353999987
2016-11-06|29071.14
2016-11-07|13057801.349999994
2016-11-08|11665095.275999993
2016-11-09|10378441.307999998
2016-11-10|11874305.107999995
2016-11-11|15120493.989999995
2016-11-12|19273077.145999998
2016-11-13|28827.48599999999
2016-11-14|12506292.386
2016-11-15|11106212.904
2016-11-16|10485057.961999997
2016-11-17|10845231.729999997
2016-11-18|14917364.919999994
2016-11-19|18918106.092000008
2016-11-20|27362.907999999996
2016-11-21|12427567.725999996
2016-11-22|10912980.863999993
2016-11-23|10079397.809999995
2016-11-24|10858440.075999998
2016-11-25|15448497.475999996
2016-11-26|20620964.669999987
2016-11-27|26353.39
2016-11-28|13217468.241999999
2016-11-29|12170282.037999995
2016-11-30|12285840.985999994
2016-12-01|13455336.625999987
2016-12-02|17326092.137999997
2016-12-03|21597619.508
2016-12-04|99729.02599999995
2016-12-05|18837278.897999987
2016-12-06|165461.02399999998
2016-12-07|20391019.505999997
2016-12-08|171468.44199999992
2016-12-09|19809472.230000004
2016-12-10|19585258.541999996
2016-12-11|93238.85199999996
2016-12-12|14576411.235999994
2016-12-13|12745522.559999995
2016-12-14|12012572.114
2016-12-15|12653431.097999997
2016-12-16|15566881.167999998
2016-12-17|20401284.764
2016-12-18|120196.68999999994
2016-12-19|14746075.023999996
2016-12-20|14923551.095999993
2016-12-21|15511567.879999995
2016-12-22|17486579.986
2016-12-23|24751019.459999993
2016-12-24|20361870.40599999
2016-12-26|1350963.0639999993
2016-12-27|15083909.241999999
2016-12-28|13497162.469999999
2016-12-29|16015999.136000007
2016-12-30|23139626.84400001
2016-12-31|19413535.585999995
2017-01-01|0.5800000000000001
2017-01-02|7948624.794
2017-01-03|13324859.755999997
2017-01-04|14005111.934
2017-01-05|17773049.862000003
2017-01-06|7559.333999999999
2017-01-07|20843866.101999983
2017-01-08|82701.01199999999
2017-01-09|15528738.278000005
2017-01-10|13165519.307999998
2017-01-11|11601039.121999994
2017-01-12|11485328.499999993
2017-01-13|14895308.829999998
2017-01-14|19347555.338
2017-01-15|27817.924
2017-01-16|13110017.074000001
2017-01-17|11238598.031999998
2017-01-18|10404551.423999995
2017-01-19|10528970.013999991
2017-01-20|14198572.668000005
2017-01-21|19001468.716000006
2017-01-22|27544.891999999993
2017-01-23|12435905.527999997
2017-01-24|10982122.227999993
2017-01-25|11275880.853999995
2017-01-26|11584421.219999999
2017-01-27|15070759.810000002
2017-01-28|19492884.113999993
2017-01-29|26591.983999999997
2017-01-30|12984527.331999995
2017-01-31|12315759.385999992
2017-02-01|12330847.516000003
2017-02-02|11925930.283999994
2017-02-03|15922914.657999992
2017-02-04|20550305.75999999
2017-02-05|29302.52799999999
2017-02-06|13288215.376000002
2017-02-07|11688461.55799999
2017-02-08|11034706.847999997
2017-02-09|11370216.217999995
2017-02-10|15833384.763999999
2017-02-11|19741349.195999995
2017-02-12|28292.559999999998
2017-02-13|12825212.653999992
2017-02-14|11522262.768
2017-02-15|10339663.023999996
2017-02-16|11066240.82
2017-02-17|14696283.955999993
2017-02-18|18546552.733999997
2017-02-19|26952.94799999999
2017-02-20|12575161.687999994
2017-02-21|11090244.963999994
2017-02-22|10405127.787999995
2017-02-23|10994518.379999995
2017-02-24|14917405.115999997
2017-02-25|19251935.299999997
2017-02-26|29632.809999999998
2017-02-27|15113943.165999994
2017-02-28|9444521.509999998
2017-03-01|13268530.785999991
2017-03-02|13387353.04
2017-03-03|16701556.685999997
2017-03-04|21095930.19399999
2017-03-05|30387.742
2017-03-06|13378170.437999994
2017-03-07|11923798.437999994
2017-03-08|10956418.193999998
2017-03-09|11474947.411999993
2017-03-10|15756711.262000002
2017-03-11|19391961.705999985
2017-03-12|27734.386
2017-03-13|13369912.882
2017-03-14|11817466.969999991
2017-03-15|10997354.119999997
2017-03-16|11804050.785999998
2017-03-17|14722582.846
2017-03-18|19018281.157999992
2017-03-19|24699.723999999987
2017-03-20|10656612.254
2017-03-21|12111190.387999997
2017-03-22|10968459.677999996
2017-03-23|11296321.531999998
2017-03-24|14971978.153999992
2017-03-25|19879779.099999994
2017-03-26|26465.62199999999
2017-03-27|13352448.733999997
2017-03-28|11574775.583999999
2017-03-29|11138159.671999998
2017-03-30|12060997.73399999
2017-03-31|16535269.021999992
2017-04-01|21267925.797999993
2017-04-02|31905.440000000002
2017-04-03|14499547.523999996
2017-04-04|12685410.309999995
2017-04-05|12009981.943999998
2017-04-06|12582992.592
2017-04-07|15857719.845999993
2017-04-08|20440187.406000003
2017-04-09|25853.42199999999
2017-04-10|15152403.453999996
2017-04-11|14346093.166000009
2017-04-12|19060398.47
2017-04-13|9611004.419999994
2017-04-14|390648.598
2017-04-15|20968496.010000005
2017-04-16|50702.84599999999
2017-04-17|10124708.527999997
2017-04-18|14599860.78199999
2017-04-19|12220221.685999997
2017-04-20|11955638.073999994
2017-04-21|15207227.819999993
2017-04-22|19725021.025999993
2017-04-23|36683.66
2017-04-24|10802814.496
2017-04-25|13547039.233999997
2017-04-26|12335109.429999992
2017-04-27|12700559.629999995
2017-04-28|17662332.239999995
2017-04-29|23966406.18599999
2017-04-30|178165.14799999993
2017-05-01|4411.205999999998
2017-05-02|16779954.33
2017-05-03|14283810.237999998
2017-05-04|13478824.469999999
2017-05-05|16811558.519999996
2017-05-06|20855099.53999999
2017-05-07|28219.41799999999
2017-05-08|13457376.473999992
2017-05-09|12283001.731999993
2017-05-10|12187393.535999998
2017-05-11|12376380.033999987
2017-05-12|15999590.983999997
2017-05-13|19429218.82800001
2017-05-14|30074.584000000003
2017-05-15|12273348.324000001
2017-05-16|12579706.741999991
2017-05-17|11250075.952
2017-05-18|11965997.559999995
2017-05-19|15423036.651999988
2017-05-20|19039904.637999997
2017-05-21|31075.245999999985
2017-05-22|13583439.527999997
2017-05-23|11979350.649999999
2017-05-24|11311475.25999999
2017-05-25|12941409.007999994
2017-05-26|16364851.050000004
2017-05-27|20072001.67
2017-05-28|27827.891999999993
2017-05-29|14648677.875999995
2017-05-30|12386777.54
2017-05-31|12512345.792000003
2017-06-01|14078409.541999996
2017-06-02|17366307.643999994
2017-06-03|22067094.277999997
2017-06-04|33650.669999999984
2017-06-05|14013176.491999999
2017-06-06|13406177.835999995
2017-06-07|12383485.526
2017-06-08|12819173.921999998
2017-06-09|15232771.355999999
2017-06-10|20376326.51799999
2017-06-11|28923.136
2017-06-12|14719663.337999992
2017-06-13|12969922.438000001
2017-06-14|12452049.451999992
2017-06-15|11871813.346
2017-06-16|16094986.577999994
2017-06-17|20041744.753999993
2017-06-18|28478.38799999999
2017-06-19|14679175.457999997
2017-06-20|12707939.132
2017-06-21|12204384.493999995
2017-06-22|13319518.581999995
2017-06-23|17707520.126000002
2017-06-24|15779413.819999993
2017-06-25|64290.523999999976
2017-06-26|16567025.939999998
2017-06-27|13875432.327999994
2017-06-28|13129450.083999991
2017-06-29|12862642.255999997
2017-06-30|16867988.467999995
2017-07-01|22159378.558
2017-07-02|177778.686
2017-07-03|16298851.013999991
2017-07-04|14248247.882
2017-07-05|13411969.659999996
2017-07-06|13642126.447999999
2017-07-07|16267042.435999997
2017-07-08|20369260.917999998
2017-07-09|218600.804
2017-07-10|15859745.089999996
2017-07-11|13405540.389999993
2017-07-12|12579575.836000003
2017-07-13|13086053.53199999
2017-07-14|16181067.89
2017-07-15|20130110.559999987
2017-07-16|563198.6159999999
2017-07-17|15574990.615999997
2017-07-18|13497414.729999997
2017-07-19|12435773.272
2017-07-20|12758809.715999998
2017-07-21|15744838.761999995
2017-07-22|19046474.746000007
2017-07-23|586756.0079999999
2017-07-24|15210152.169999994
2017-07-25|12792908.645999983
2017-07-26|12757475.868
2017-07-27|13143953.481999993
2017-07-28|16061939.272
2017-07-29|-20248149.26799999
2017-07-30|698693.8939999999
2017-07-31|17254857.827999994
2017-08-01|16125048.816
2017-08-02|14157066.171999998
2017-08-03|13950219.190000005
2017-08-04|16358822.259999998
2017-08-05|19564775.014
2017-08-06|811102.2819999997
2017-08-07|16578095.57599999
2017-08-08|14118005.254
2017-08-09|13077625.544
2017-08-10|13682887.456
2017-08-11|15673228.505999997
2017-08-12|18622801.033999994
2017-08-13|789037.4579999996
2017-08-14|19842153.36
2017-08-15|1398574.8099999996
2017-08-16|17188456.503999993
2017-08-17|14039568.913999997
2017-08-18|15558994.536000006
2017-08-19|17816833.343999997
2017-08-20|468187.90399999986
2017-08-21|16282229.84799999
2017-08-22|13383491.177999996
2017-08-23|12492069.955999993
2017-08-24|12491392.925999999
2017-08-25|15894448.293999992
2017-08-26|18436508.085999995
2017-08-27|226524.77799999993
2017-08-28|15888649.199999996
2017-08-29|13733277.327999994
2017-08-30|13017339.413999997
2017-08-31|13773793.816
2017-09-01|16658467.55399999
2017-09-02|20434244.595999986
2017-09-03|73873.19
2017-09-04|16166104.408
2017-09-05|13932259.589999996
2017-09-06|13154019.603999995
2017-09-07|13940144.145999998
2017-09-08|13119987.622000001
2017-09-09|21097101.61199999
2017-09-10|42899.543999999994
2017-09-11|-14089364.552000001
2017-09-12|14249363.885999992
2017-09-13|12798020.479999997
2017-09-14|12683968.642000005
2017-09-15|15345580.963999994
2017-09-16|20202142.67
2017-09-17|30861.687999999995
2017-09-18|14689603.802000001
2017-09-19|12597262.868
2017-09-20|11658308.611999996
2017-09-21|11972714.971999995
2017-09-22|15471263.598000005
2017-09-23|19662887.967999995
2017-09-24|27602.31199999999
2017-09-25|14848510.235999987
2017-09-26|13315813.759999998
2017-09-27|12237988.29
2017-09-28|12821448.805999994
2017-09-29|16473431.781999998
2017-09-30|21972786.445999995
2017-10-01|32056.107999999993
2017-10-02|16030785.699999996
2017-10-03|12852593.96599999
2017-10-04|13234764.369999997
2017-10-05|13082644.397999994
2017-10-06|16614729.82
2017-10-07|21463265.59799999
2017-10-08|55610.46999999997
2017-10-09|12162676.649999999
2017-10-10|14561788.417999998
2017-10-11|17726975.415999994
2017-10-12|55736.82399999999
2017-10-13|19042289.620000005
2017-10-14|19312812.854000002
2017-10-15|28311.34599999999
2017-10-16|14843009.788000003
2017-10-17|12836001.416000001
2017-10-18|11592196.46599999
2017-10-19|11914406.361999996
2017-10-20|15809024.708000004
2017-10-21|20409397.381999984
2017-10-22|31402.80399999999
2017-10-23|13900128.54
2017-10-24|11847433.899999999
2017-10-25|12444954.285999998
2017-10-26|12527868.583999999
2017-10-27|16250881.509999998
2017-10-28|21235895.85599999
2017-10-29|33262.61599999998
2017-10-30|15751895.169999994
2017-10-31|17831655.41399999
2017-11-01|76369.38199999998
2017-11-02|16908689.857999995
2017-11-03|18341241.53999999
2017-11-04|22704581.082000002
2017-11-05|32086.835999999996
2017-11-06|14855418.817999996
2017-11-07|12982001.417999998
2017-11-08|11952477.991999999
2017-11-09|11915627.295999996
2017-11-10|16629232.244000003
2017-11-11|20580458.227999985
2017-11-12|29893.517999999996
2017-11-13|13958128.009999998
2017-11-14|12183881.357999995
2017-11-15|11415683.780000001
2017-11-16|11761365.46
2017-11-17|15692545.621999994
2017-11-18|20047959.58
2017-11-19|29725.77799999999
2017-11-20|13473586.465999998
2017-11-21|11919960.728
2017-11-22|11137515.523999996
2017-11-23|11383073.067999996
2017-11-24|14987043.30399999
2017-11-25|21138445.639999986
2017-11-26|29127.597999999998
2017-11-27|14789904.816
2017-11-28|13298198.785999998
2017-11-29|12772309.057999998
2017-11-30|13753971.260000005
2017-12-01|18300368.321999997
2017-12-02|23679243.950000003
2017-12-03|77799.26799999998
2017-12-04|16383291.157999992
2017-12-05|19948784.931999996
2017-12-06|145540.42599999998
2017-12-07|23745544.439999998
2017-12-08|202670.402
2017-12-09|0.0
2017-12-10|85762.45199999999
2017-12-11|16836437.598000005
2017-12-12|14484167.893999994
2017-12-13|13123012.724
2017-12-14|13337535.870000005
2017-12-15|16382819.520000003
2017-12-16|22015579.486
2017-12-17|116354.152
2017-12-18|16152403.736000001
2017-12-19|15503077.534000002
2017-12-20|15505724.947999999
2017-12-21|17273735.36
2017-12-22|21539862.936000004
2017-12-23|30033367.47999999
2017-12-24|9948042.868
2017-12-26|10744667.969999999
2017-12-27|13698488.14199999
2017-12-28|15096663.895999998
2017-12-29|20279043.145999983
2017-12-30|28643461.507999986
2017-12-31|6532775.4499999955
2018-01-01|4159.608
2018-01-02|14122289.919999994
2018-01-03|13222912.743999995
2018-01-04|15341084.952
2018-01-05|22211037.349999994
2018-01-07|85870.19999999995
2018-01-08|19546562.854000002
2018-01-09|14282016.093999997
2018-01-10|13272228.945999995
2018-01-11|12646799.841999993
2018-01-12|16043161.07199999
2018-01-13|20994655.647999987
2018-01-14|29465.941999999995
2018-01-15|13988084.135999992
2018-01-16|12262023.159999996
2018-01-17|11154415.951999992
2018-01-18|11785020.39
2018-01-19|15487367.945999995
2018-01-20|19171404.275999993
2018-01-21|27494.84599999999
2018-01-22|13273397.471999995
2018-01-23|12011546.728
2018-01-24|11143932.53199999
2018-01-25|12590243.005999997
2018-01-26|16430156.682000004
2018-01-27|20838143.393999994
2018-01-28|28299.81199999999
2018-01-29|13689485.924000002
2018-01-30|12811882.137999997
2018-01-31|12749424.838
2018-02-01|13730469.187999994
2018-02-02|17113370.14999999
2018-02-03|22378878.747999996
2018-02-04|30303.905999999988
2018-02-05|14314523.365999997
2018-02-06|13050103.892000005
2018-02-07|12256642.207999997
2018-02-08|12330184.486000001
2018-02-09|16071433.886
2018-02-10|20897122.560000002
2018-02-11|30265.011999999988
2018-02-12|14430133.169999994
2018-02-13|11813303.29
2018-02-14|12228579.136
2018-02-15|11930997.847999997
2018-02-16|15689648.73799999
2018-02-17|19741016.033999994
2018-02-18|28385.645999999993
2018-02-19|13929854.132
2018-02-20|12041401.223999992
2018-02-21|11364747.747999996
2018-02-22|11956318.719999999
2018-02-23|15900534.627999991
2018-02-24|20046745.867999986
2018-02-25|29419.674
2018-02-26|15017907.823999994
2018-02-27|14402159.797999993
2018-02-28|9739966.002000004
2018-03-01|14448679.089999996
2018-03-02|18384472.488000005
2018-03-03|23097427.72
2018-03-04|31940.886
2018-03-05|14703994.971999995
2018-03-06|13176547.228
2018-03-07|12272303.105999999
2018-03-08|12015956.377999999
2018-03-09|16428568.489999995
2018-03-10|21398799.541999996
2018-03-11|28235.212
2018-03-12|14364070.141999997
2018-03-13|12489844.452
2018-03-14|11575972.493999995
2018-03-15|12463874.772
2018-03-16|16397315.105999999
2018-03-17|21058489.659999996
2018-03-18|32466.221999999994
2018-03-19|11243649.699999996
2018-03-20|13399507.425999999
2018-03-21|12128236.321999997
2018-03-22|12548837.788000003
2018-03-23|16245631.969999999
2018-03-24|21468347.393999994
2018-03-25|30909.695999999996
2018-03-26|16000323.789999992
2018-03-27|15297919.367999993
2018-03-28|20255631.555999994
2018-03-29|11430020.271999992
2018-03-30|392688.162
2018-03-31|23958433.093999997
2018-04-01|57531.851999999984
2018-04-02|11897457.391999997
2018-04-03|16702156.405999996
2018-04-04|14130018.042000003
2018-04-05|13452212.835999995
2018-04-06|16913681.80399999
2018-04-07|22645970.290000007
2018-04-08|31184.12999999999
2018-04-09|13400037.219999999
2018-04-10|13638848.627999991
2018-04-11|12597262.159999989
2018-04-12|12375620.585999988
2018-04-13|16369400.805999994
2018-04-14|20612212.364000008
2018-04-15|28178.535999999993
2018-04-16|14345587.489999995
2018-04-17|12117110.413999997
2018-04-18|11381133.309999995
2018-04-19|12137243.647999994
2018-04-20|16123303.951999992
2018-04-21|20622112.091999993
2018-04-22|27732.055999999997
2018-04-23|12867033.990000002
2018-04-24|12789688.002000004
2018-04-25|12887466.469999999
2018-04-26|13297818.405999996
2018-04-27|17523896.467999995
2018-04-28|22369676.72999999
2018-04-29|34452.038
2018-04-30|21022616.549999997
2018-05-01|3956.7379999999994
2018-05-02|15693966.154
2018-05-03|15620852.197999999
2018-05-04|18250065.599999994
2018-05-05|22331689.39199999
2018-05-06|29164.347999999998
2018-05-07|14882810.633999996
2018-05-08|13372266.187999994
2018-05-09|12563977.735999994
2018-05-10|13517136.839999996
2018-05-11|16619668.697999999
2018-05-12|21038523.107999995
2018-05-13|31259.677999999985
2018-05-14|15155345.974
2018-05-15|12029118.527999997
2018-05-16|12714158.947999999
2018-05-17|12430291.575999998
2018-05-18|16466021.0
2018-05-19|19982761.145999998
2018-05-20|34642.18599999999
2018-05-21|14135549.997999996
2018-05-22|13054305.728
2018-05-23|12092637.561999992
2018-05-24|12503966.519999996
2018-05-25|17522365.08399999
2018-05-26|21463447.244000003
2018-05-27|27956.87199999999
2018-05-28|15282137.305999994
2018-05-29|13711069.831999995
2018-05-30|12721516.557999998
2018-05-31|13185561.793999992
2018-06-01|18350237.623999998
2018-06-02|23011588.714
2018-06-03|35361.742
2018-06-04|16581024.28199999
2018-06-05|14279443.434
2018-06-06|13182049.761999995
2018-06-07|13349787.224
2018-06-08|17141980.552
2018-06-09|20730525.151999995
2018-06-10|48182.389999999985
2018-06-11|15770201.647999994
2018-06-12|13537855.04
2018-06-13|12420671.25199999
2018-06-14|13043290.265999995
2018-06-15|16502259.456
2018-06-16|21006903.313999996
2018-06-17|32059.619999999995
2018-06-18|15642776.313999996
2018-06-19|13364435.651999995
2018-06-20|12654153.21599999
2018-06-21|13366093.287999995
2018-06-22|17033815.342000008
2018-06-23|21966761.895999998
2018-06-24|37141.78599999999
2018-06-25|15845212.307999998
2018-06-26|14702686.543999992
2018-06-27|13684015.0
2018-06-28|14288255.255999997
2018-06-29|17084904.80399999
2018-06-30|23042498.816
2018-07-01|387862.35999999987
2018-07-02|17859962.288000003
2018-07-03|15236929.465999998
2018-07-04|14354959.111999996
2018-07-05|14383808.697999999
2018-07-06|17234903.364000008
2018-07-07|21187790.69399999
2018-07-08|367112.94999999995
2018-07-09|16806512.449999988
2018-07-10|14533300.361999996
2018-07-11|13504407.983999997
2018-07-12|13833629.615999997
2018-07-13|16906798.981999993
2018-07-14|20760228.211999997
2018-07-15|619435.4499999997
2018-07-16|16596416.935999997
2018-07-17|14362644.074000001
2018-07-18|13209152.365999997
2018-07-19|13562144.097999997
2018-07-20|16632930.721999995
2018-07-21|20260502.61999999
2018-07-22|708081.8499999996
2018-07-23|16062343.317999996
2018-07-24|13923441.368
2018-07-25|13012626.902000003
2018-07-26|14101336.447999999
2018-07-27|17199770.107999995
2018-07-28|20789243.554000005
2018-07-29|761304.3499999996
2018-07-30|17530823.873999998
2018-07-31|15785738.979999997
2018-08-01|16267006.629999995
2018-08-02|15687153.029999994
2018-08-03|17724536.835999995
2018-08-04|21315330.574
2018-08-05|924690.6239999998
2018-08-06|17814855.929999992
2018-08-07|15134028.553999998
2018-08-08|13906526.535999991
2018-08-09|14144236.377999999
2018-08-10|16699437.439999998
2018-08-11|19479942.999999985
2018-08-12|869363.6399999997
2018-08-13|17996755.480000004
2018-08-14|18714038.36
2018-08-15|1159349.5599999996
2018-08-16|17594384.525999993
2018-08-17|16934354.71599999
2018-08-18|18772111.00999999
2018-08-19|572952.588
2018-08-20|16960853.363999993
2018-08-21|14357492.687999994
2018-08-22|13044702.292000003
2018-08-23|13328887.428000003
2018-08-24|15563680.085999995
2018-08-25|19080439.975999996
2018-08-26|392910.2999999998
2018-08-27|17139821.277999997
2018-08-28|14129376.011999995
2018-08-29|13517129.185999997
2018-08-30|14005453.331999995
2018-08-31|17186997.332000002
2018-09-01|21637723.889999986
2018-09-02|89394.74199999997
2018-09-03|18079860.50999999
2018-09-04|15119085.596
2018-09-05|13941649.061999999
2018-09-06|14057146.654
2018-09-07|17289685.199999988
2018-09-08|18619266.680000007
2018-09-09|75408.304
2018-09-10|18280801.217999995
2018-09-11|12252634.35199999
2018-09-12|13781169.467999995
2018-09-13|13663889.11
2018-09-14|16079464.596
2018-09-15|20874616.701999992
2018-09-16|30160.23999999999
2018-09-17|15877408.259999998
2018-09-18|13410905.185999997
2018-09-19|12546550.32599999
2018-09-20|12845671.027999997
2018-09-21|16062433.439999998
2018-09-22|20871576.005999997
2018-09-23|28571.145999999993
2018-09-24|14994786.125999995
2018-09-25|14292085.901999995
2018-09-26|13170801.254
2018-09-27|13434602.626000002
2018-09-28|17468420.831999987
2018-09-29|22397518.525999993
2018-09-30|36305.834
2018-10-01|17174830.242
2018-10-02|14775105.367999993
2018-10-03|13577213.64
2018-10-04|13675762.766000003
2018-10-05|17177017.19399999
2018-10-06|22293178.794
2018-10-07|34588.31
2018-10-08|16386675.163999997
2018-10-09|11571271.907999992
2018-10-10|14890368.458000004
2018-10-11|20226468.701999992
2018-10-12|119134.49199999997
2018-10-13|23610377.054000005
2018-10-14|30112.004
2018-10-15|16265128.937999986
2018-10-16|13702928.405999996
2018-10-17|12596113.088
2018-10-18|12514604.956
2018-10-19|16494772.505999997
2018-10-20|21436919.29599999
2018-10-21|30779.373999999996
2018-10-22|14633091.32599999
2018-10-23|12629226.951999992
2018-10-24|11670447.472000003
2018-10-25|13388060.901999995
2018-10-26|17531491.11999999
2018-10-27|21985909.310000002
2018-10-28|32234.63799999999
2018-10-29|15412242.787999995
2018-10-30|14676812.931999996
2018-10-31|19220443.335999995
2018-11-01|108140.294
2018-11-02|22424628.03999999
2018-11-03|21357609.97599998
2018-11-04|30308.043999999994
2018-11-05|16396960.845999993
2018-11-06|14188013.955999993
2018-11-07|12837202.885999992
2018-11-08|13096005.409999996
2018-11-09|16175917.055999994
2018-11-10|22138718.084000006
2018-11-11|30281.881999999998
2018-11-12|14941512.898000002
2018-11-13|12791500.688000001
2018-11-14|11935129.947999999
2018-11-15|11962678.393999994
2018-11-16|16292671.913999997
2018-11-17|21190585.33
2018-11-18|29368.821999999986
2018-11-19|14331859.021999992
2018-11-20|12423072.642000005
2018-11-21|11926575.692000002
2018-11-22|11925593.369999997
2018-11-23|15407675.309999995
2018-11-24|20621890.999999985
2018-11-25|40964.454
2018-11-26|15899438.401999995
2018-11-27|13655256.171999991
2018-11-28|12870884.734000005
2018-11-29|13633691.505999997
2018-11-30|18673165.85599999
2018-12-01|24392207.593999997
2018-12-02|72712.968
2018-12-03|16754252.372000001
2018-12-04|15625683.387999997
2018-12-05|19991862.755999997
2018-12-06|198458.55999999994
2018-12-07|25213718.939999998
2018-12-08|9938021.829999998
2018-12-09|229339.566
2018-12-10|19220393.243999988
2018-12-11|15406635.919999987
2018-12-12|13819452.675999992
2018-12-13|13812511.743999995
2018-12-14|17378539.96599999
2018-12-15|22547904.77399999
2018-12-16|97702.076
2018-12-17|16814308.321999997
2018-12-18|15424420.563999996
2018-12-19|15427621.865999997
2018-12-20|16798704.242
2018-12-21|20789002.45799999
2018-12-22|27815232.536000013
2018-12-23|8534993.248000003
2018-12-24|23582725.69399999
2018-12-26|11509173.103999995
2018-12-27|15013147.095999993
2018-12-28|18396623.221999988
2018-12-29|24468016.747999996
2018-12-30|7664277.158
2018-12-31|23606628.952000007
